{
    "loss": 19.33231544494629,
    "accuracy": 0.30070677399635315
}