{
    "loss": 7.235665798187256,
    "accuracy": 0.6537743210792542
}